metabolites,species,fluxes
ac,A3R04,-9.99558339991144
co2,A3R04,10.6647543855825
